date,name,status,confirmed,source,fetched_at
2026/1/2,年始休業日,実施しない（注4）,確定,jpx,2026-06-27T14:09:08
2026/1/12,成人の日,実施する,確定,jpx,2026-06-27T14:09:08
2026/2/11,建国記念の日,実施する,確定,jpx,2026-06-27T14:09:08
2026/2/23,天皇誕生日,実施する,確定,jpx,2026-06-27T14:09:08
2026/3/20,春分の日,実施する,確定,jpx,2026-06-27T14:09:08
2026/4/29,昭和の日,実施する,確定,jpx,2026-06-27T14:09:08
2026/5/4,みどりの日,実施する,確定,jpx,2026-06-27T14:09:08
2026/5/5,こどもの日,実施する,確定,jpx,2026-06-27T14:09:08
2026/5/6,憲法記念日の振替休日,実施する,確定,jpx,2026-06-27T14:09:08
2026/7/20,海の日,実施する,確定,jpx,2026-06-27T14:09:08
2026/8/11,山の日,実施する,確定,jpx,2026-06-27T14:09:08
2026/9/21,敬老の日,実施する,確定,jpx,2026-06-27T14:09:08
2026/9/22,休日（注5）,実施する,確定,jpx,2026-06-27T14:09:08
2026/9/23,秋分の日,実施する,確定,jpx,2026-06-27T14:09:08
2026/10/12,スポーツの日,実施する,確定,jpx,2026-06-27T14:09:08
2026/11/3,文化の日,実施する,確定,jpx,2026-06-27T14:09:08
2026/11/23,勤労感謝の日,実施しない（注6）,確定,jpx,2026-06-27T14:09:08
2026/12/31,年末休業日,実施しない（注4）,確定,jpx,2026-06-27T14:09:08
2027/1/11,成人の日,実施する,確定,jpx,2026-06-27T14:09:08
2027/2/11,建国記念の日,実施する,確定,jpx,2026-06-27T14:09:08
2027/2/23,天皇誕生日,実施する,確定,jpx,2026-06-27T14:09:08
2027/3/22,春分の日の振替休日,実施する,確定,jpx,2026-06-27T14:09:08
2027/4/29,昭和の日,実施する,確定,jpx,2026-06-27T14:09:08
2027/5/3,憲法記念日,実施する,確定,jpx,2026-06-27T14:09:08
2027/5/4,みどりの日,実施する,確定,jpx,2026-06-27T14:09:08
2027/5/5,こどもの日,実施する,確定,jpx,2026-06-27T14:09:08
2027/7/19,海の日,実施する,予定,jpx,2026-06-27T14:09:08
2027/8/11,山の日,実施する,予定,jpx,2026-06-27T14:09:08
2027/9/20,敬老の日,実施しない（注7）,予定,jpx,2026-06-27T14:09:08
2027/9/23,秋分の日,実施する,予定,jpx,2026-06-27T14:09:08
2027/10/11,スポーツの日,実施する,予定,jpx,2026-06-27T14:09:08
2027/11/3,文化の日,実施する,予定,jpx,2026-06-27T14:09:08
2027/11/23,勤労感謝の日,実施する,予定,jpx,2026-06-27T14:09:08
2027/12/31,年末休業日,実施しない（注4）,予定,jpx,2026-06-27T14:09:08
